{
  "hash": "9be425bb",
  "configHash": "2748abe2",
  "lockfileHash": "2941c81e",
  "browserHash": "37a408ec",
  "optimized": {
    "@angular/core": {
      "src": "../../../../../../node_modules/@angular/core/fesm2022/core.mjs",
      "file": "@angular_core.js",
      "fileHash": "3e5cad5a",
      "needsInterop": false
    },
    "@angular/platform-browser": {
      "src": "../../../../../../node_modules/@angular/platform-browser/fesm2022/platform-browser.mjs",
      "file": "@angular_platform-browser.js",
      "fileHash": "c1fb4f70",
      "needsInterop": false
    },
    "@angular/platform-server": {
      "src": "../../../../../../node_modules/@angular/platform-server/fesm2022/platform-server.mjs",
      "file": "@angular_platform-server.js",
      "fileHash": "07d9ec1b",
      "needsInterop": false
    },
    "@angular/router": {
      "src": "../../../../../../node_modules/@angular/router/fesm2022/router.mjs",
      "file": "@angular_router.js",
      "fileHash": "74688dc4",
      "needsInterop": false
    },
    "@angular/ssr": {
      "src": "../../../../../../node_modules/@angular/ssr/fesm2022/ssr.mjs",
      "file": "@angular_ssr.js",
      "fileHash": "ba148f1c",
      "needsInterop": false
    },
    "@angular/ssr/node": {
      "src": "../../../../../../node_modules/@angular/ssr/fesm2022/node.mjs",
      "file": "@angular_ssr_node.js",
      "fileHash": "829ad11b",
      "needsInterop": false
    },
    "express": {
      "src": "../../../../../../node_modules/express/index.js",
      "file": "express.js",
      "fileHash": "0239357f",
      "needsInterop": true
    }
  },
  "chunks": {
    "chunk-VH7IYTK7": {
      "file": "chunk-VH7IYTK7.js"
    },
    "chunk-XJSZ7P3M": {
      "file": "chunk-XJSZ7P3M.js"
    },
    "chunk-4T465VWK": {
      "file": "chunk-4T465VWK.js"
    },
    "chunk-JGFSVPYF": {
      "file": "chunk-JGFSVPYF.js"
    },
    "chunk-D6PCICLC": {
      "file": "chunk-D6PCICLC.js"
    },
    "xhr2-TXIMV6CV": {
      "file": "xhr2-TXIMV6CV.js"
    },
    "chunk-YHCV7DAQ": {
      "file": "chunk-YHCV7DAQ.js"
    }
  }
}