{
  "hash": "1ed777e8",
  "configHash": "7cc358a5",
  "lockfileHash": "2941c81e",
  "browserHash": "b94dfa0c",
  "optimized": {
    "@angular/core": {
      "src": "../../../../../../node_modules/@angular/core/fesm2022/core.mjs",
      "file": "@angular_core.js",
      "fileHash": "acc78573",
      "needsInterop": false
    },
    "@angular/platform-browser": {
      "src": "../../../../../../node_modules/@angular/platform-browser/fesm2022/platform-browser.mjs",
      "file": "@angular_platform-browser.js",
      "fileHash": "8986e233",
      "needsInterop": false
    },
    "@angular/router": {
      "src": "../../../../../../node_modules/@angular/router/fesm2022/router.mjs",
      "file": "@angular_router.js",
      "fileHash": "2c11a76f",
      "needsInterop": false
    }
  },
  "chunks": {
    "chunk-VFE7RCTK": {
      "file": "chunk-VFE7RCTK.js"
    },
    "chunk-5T6PAE7P": {
      "file": "chunk-5T6PAE7P.js"
    }
  }
}